{"_step":2000,"loss":0.4563675820827484,"_runtime":54.833279084,"_wandb":{"runtime":54},"l1":0.1634252965450287,"val_l1":0.218634232878685,"val_loss":0.2587033212184906,"kl":0.2929422855377197,"_timestamp":1.737006089121633e+09,"val_kl":0.040069155395030975}