{"loss":0.8422641158103943,"_wandb":{"runtime":7},"_step":200,"_timestamp":1.737005809519153e+09,"_runtime":7.863679644,"l1":0.4464266002178192,"val_kl":8.953272819519043,"val_loss":9.768501281738281,"val_l1":0.8152279853820801,"kl":0.3958375155925751}