{"_runtime":137.06095537,"_timestamp":1.7381421008021057e+09,"kl":0.11169761419296265,"loss":0.29653918743133545,"val_l1":0.23043090105056763,"val_kl":0.02041080966591835,"l1":0.1848415583372116,"_wandb":{"runtime":137},"val_loss":0.2508416771888733,"_step":5000}