{"_runtime":57.646331887,"val_loss":0.3224110007286072,"_step":2000,"l1":0.24299021065235138,"loss":0.4725525379180908,"_timestamp":1.7381415801414015e+09,"kl":0.22956231236457825,"_wandb":{"runtime":57},"val_l1":0.2877400815486908,"val_kl":0.03467084839940071}